form_a_class,B_C1,B_C2,B_C3,B_C4
A_C1,0.3656726586543275,0.07576085621127972,1.239311705189765,0.6454820325382424
A_C2,0.5770011331119141,0.7493951247982804,1.1898951003940532,0.24032464735876177
A_C3,0.7640482863134102,0.9528936071208818,0.3128985003538932,0.918791034869718
A_C4,0.07050504076653505,0.2272612994179465,1.0016878685107462,0.4110828397446822
